{"fields":["nodeLabels","max_TL_lowerCI95","max_TL_estimate","max_TL_upperCI95","SL_lowerCI95","SL_estimate","SL_upperCI95","AM_mass_lowerCI95","AM_mass_estimate","AM_mass_upperCI95","LP_mass_lowerCI95","LP_mass_estimate","LP_mass_upperCI95","Gape_w_lowerCI95","Gape_w_estimate","Gape_w_upperCI95","UJ_Pro_lowerCI95","UJ_Pro_estimate","UJ_Pro_upperCI95","Close_Li_lowerCI95","Close_Li_estimate","Close_Li_upperCI95","Open_Li_lowerCI95","Open_Li_estimate","Open_Li_upperCI95","Lo_lowerCI95","Lo_estimate","Lo_upperCI95"],"rows":[{"AM_mass_estimate":0.0959095835119131,"AM_mass_lowerCI95":-0.0118300676379278,"AM_mass_upperCI95":0.203649234661754,"Close_Li_estimate":2.76078116018877,"Close_Li_lowerCI95":1.29085317961535,"Close_Li_upperCI95":4.23070914076218,"Gape_w_estimate":11.2097433131136,"Gape_w_lowerCI95":6.09452673600172,"Gape_w_upperCI95":16.3249598902255,"LP_mass_estimate":0.00413840302615139,"LP_mass_lowerCI95":-0.00702671296766808,"LP_mass_upperCI95":0.0153035190199709,"Lo_estimate":13.592096767703,"Lo_lowerCI95":8.49349902738614,"Lo_upperCI95":18.6906945080199,"Open_Li_estimate":2.88019212362967,"Open_Li_lowerCI95":1.50602773165154,"Open_Li_upperCI95":4.25435651560781,"SL_estimate":90.9196372989605,"SL_lowerCI95":55.9221619529222,"SL_upperCI95":125.917112644999,"UJ_Pro_estimate":2.11192964220619,"UJ_Pro_lowerCI95":0.885148504031718,"UJ_Pro_upperCI95":3.33871078038065,"max_TL_estimate":389.055192706777,"max_TL_lowerCI95":-17.2338395061928,"max_TL_upperCI95":795.344224919746,"nodeLabels":"node 21"},{"AM_mass_estimate":0.0931019734634095,"AM_mass_lowerCI95":0.0250075085129774,"AM_mass_upperCI95":0.161196438413842,"Close_Li_estimate":2.64059366129922,"Close_Li_lowerCI95":1.71155817357884,"Close_Li_upperCI95":3.5696291490196,"Gape_w_estimate":9.88016687815673,"Gape_w_lowerCI95":6.6472073112134,"Gape_w_upperCI95":13.1131264451,"LP_mass_estimate":0.00606520544861004,"LP_mass_lowerCI95":-0.00099145931310588,"LP_mass_upperCI95":0.013121870210326,"Lo_estimate":12.178481721743,"Lo_lowerCI95":8.95602572324064,"Lo_upperCI95":15.4009377202454,"Open_Li_estimate":2.97837621744797,"Open_Li_lowerCI95":2.10986598906837,"Open_Li_upperCI95":3.84688644582758,"SL_estimate":88.9119827558712,"SL_lowerCI95":66.7926020741014,"SL_upperCI95":111.031363437641,"UJ_Pro_estimate":2.39175085308376,"UJ_Pro_lowerCI95":1.61639095239973,"UJ_Pro_upperCI95":3.16711075376779,"max_TL_estimate":294.485574967503,"max_TL_lowerCI95":37.6995730776884,"max_TL_upperCI95":551.271576857318,"nodeLabels":"node 22"},{"AM_mass_estimate":0.10092031389921,"AM_mass_lowerCI95":0.0422436884698179,"AM_mass_upperCI95":0.159596939328602,"Close_Li_estimate":2.61037285347162,"Close_Li_lowerCI95":1.80982809020397,"Close_Li_upperCI95":3.41091761673928,"Gape_w_estimate":8.84544619106734,"Gape_w_lowerCI95":6.05962273719351,"Gape_w_upperCI95":11.6312696449412,"LP_mass_estimate":0.00973552769364514,"LP_mass_lowerCI95":0.00365483853182557,"LP_mass_upperCI95":0.0158162168554647,"Lo_estimate":11.6223619926862,"Lo_lowerCI95":8.84558940589138,"Lo_upperCI95":14.399134579481,"Open_Li_estimate":3.00485782522123,"Open_Li_lowerCI95":2.25646734459521,"Open_Li_upperCI95":3.75324830584725,"SL_estimate":90.9384488551071,"SL_lowerCI95":71.8783003402592,"SL_upperCI95":109.998597369955,"UJ_Pro_estimate":2.48951248764987,"UJ_Pro_lowerCI95":1.82138913138994,"UJ_Pro_upperCI95":3.15763584390981,"max_TL_estimate":272.176660243326,"max_TL_lowerCI95":50.9055766190149,"max_TL_upperCI95":493.447743867638,"nodeLabels":"node 23"},{"AM_mass_estimate":0.107998117832496,"AM_mass_lowerCI95":0.0516909447531306,"AM_mass_upperCI95":0.164305290911862,"Close_Li_estimate":2.6765646069122,"Close_Li_lowerCI95":1.90834707202118,"Close_Li_upperCI95":3.44478214180322,"Gape_w_estimate":8.83206344652453,"Gape_w_lowerCI95":6.15873582691581,"Gape_w_upperCI95":11.5053910661332,"LP_mass_estimate":0.0131283349744758,"LP_mass_lowerCI95":0.00729319339005722,"LP_mass_upperCI95":0.0189634765588943,"Lo_estimate":11.8427064482985,"Lo_lowerCI95":9.17806420784042,"Lo_upperCI95":14.5073486887566,"Open_Li_estimate":3.02444373892038,"Open_Li_lowerCI95":2.30627441655082,"Open_Li_upperCI95":3.74261306128994,"SL_estimate":93.2401870137687,"SL_lowerCI95":74.9497166008885,"SL_upperCI95":111.530657426649,"UJ_Pro_estimate":2.51524711730363,"UJ_Pro_lowerCI95":1.87410360940772,"UJ_Pro_upperCI95":3.15639062519954,"max_TL_estimate":281.377393404743,"max_TL_lowerCI95":69.0415763410048,"max_TL_upperCI95":493.71321046848,"nodeLabels":"node 24"},{"AM_mass_estimate":0.110763320262754,"AM_mass_lowerCI95":0.0687658107363755,"AM_mass_upperCI95":0.152760829789133,"Close_Li_estimate":2.74967952047622,"Close_Li_lowerCI95":2.17669349621886,"Close_Li_upperCI95":3.32266554473359,"Gape_w_estimate":8.82012532738394,"Gape_w_lowerCI95":6.8261857273014,"Gape_w_upperCI95":10.8140649274665,"LP_mass_estimate":0.0132223768779498,"LP_mass_lowerCI95":0.00887015315799908,"LP_mass_upperCI95":0.0175746005979006,"Lo_estimate":12.8730189394539,"Lo_lowerCI95":10.8855574535027,"Lo_upperCI95":14.8604804254052,"Open_Li_estimate":3.08183446803564,"Open_Li_lowerCI95":2.54617761814805,"Open_Li_upperCI95":3.61749131792324,"SL_estimate":95.7156849456677,"SL_lowerCI95":82.0734762642949,"SL_upperCI95":109.357893627041,"UJ_Pro_estimate":2.46935242421194,"UJ_Pro_lowerCI95":1.99114637855091,"UJ_Pro_upperCI95":2.94755846987296,"max_TL_estimate":235.565404296719,"max_TL_lowerCI95":77.1917014053248,"max_TL_upperCI95":393.939107188112,"nodeLabels":"node 25"},{"AM_mass_estimate":0.131494798001223,"AM_mass_lowerCI95":0.097176550895468,"AM_mass_upperCI95":0.165813045106978,"Close_Li_estimate":2.7730374606313,"Close_Li_lowerCI95":2.30482217381156,"Close_Li_upperCI95":3.24125274745104,"Gape_w_estimate":9.06915477831666,"Gape_w_lowerCI95":7.43980787938679,"Gape_w_upperCI95":10.6985016772465,"LP_mass_estimate":0.0100811554413658,"LP_mass_lowerCI95":0.00652473767361735,"LP_mass_upperCI95":0.0136375732091142,"Lo_estimate":13.5722316401343,"Lo_lowerCI95":11.9481783294206,"Lo_upperCI95":15.196284950848,"Open_Li_estimate":3.21111584568458,"Open_Li_lowerCI95":2.77340407787639,"Open_Li_upperCI95":3.64882761349278,"SL_estimate":97.6183119827366,"SL_lowerCI95":86.4705869420037,"SL_upperCI95":108.766037023469,"UJ_Pro_estimate":2.19745323139805,"UJ_Pro_lowerCI95":1.80668736390886,"UJ_Pro_upperCI95":2.58821909888725,"max_TL_estimate":214.962112992505,"max_TL_lowerCI95":85.5471088131155,"max_TL_upperCI95":344.377117171895,"nodeLabels":"node 26"},{"AM_mass_estimate":0.0897954768644894,"AM_mass_lowerCI95":0.0441788085780363,"AM_mass_upperCI95":0.135412145150942,"Close_Li_estimate":2.3860424668646,"Close_Li_lowerCI95":1.76367905303159,"Close_Li_upperCI95":3.00840588069762,"Gape_w_estimate":7.67922235422093,"Gape_w_lowerCI95":5.51345389923533,"Gape_w_upperCI95":9.84499080920653,"LP_mass_estimate":0.00431256338175488,"LP_mass_lowerCI95":-0.000414715639795828,"LP_mass_upperCI95":0.00903984240330559,"Lo_estimate":10.3453467522537,"Lo_lowerCI95":8.18661466649047,"Lo_upperCI95":12.5040788380168,"Open_Li_estimate":2.9797143604014,"Open_Li_lowerCI95":2.39789698331762,"Open_Li_upperCI95":3.56153173748518,"SL_estimate":86.7198303958882,"SL_lowerCI95":71.9019967878767,"SL_upperCI95":101.5376640039,"UJ_Pro_estimate":2.52977176904123,"UJ_Pro_lowerCI95":2.01035605121649,"UJ_Pro_upperCI95":3.04918748686598,"max_TL_estimate":219.91562941202,"max_TL_lowerCI95":47.8939845200463,"max_TL_upperCI95":391.937274303994,"nodeLabels":"node 27"},{"AM_mass_estimate":0.0862132560536353,"AM_mass_lowerCI95":0.0473241565835766,"AM_mass_upperCI95":0.125102355523694,"Close_Li_estimate":2.31536799930573,"Close_Li_lowerCI95":1.78479104977728,"Close_Li_upperCI95":2.84594494883418,"Gape_w_estimate":7.61209095553527,"Gape_w_lowerCI95":5.76573110421612,"Gape_w_upperCI95":9.45845080685442,"LP_mass_estimate":0.00342288159373784,"LP_mass_lowerCI95":-0.000607215977995662,"LP_mass_upperCI95":0.00745297916547135,"Lo_estimate":9.74254315136914,"Lo_lowerCI95":7.90218194205692,