{"children":[{"children":[{"children":[{"children":[{"children":[{"children":[{"children":[{"children":[{"children":[{"edge_data":{"weight":0.055},"incoming_order":0,"node_data":{"beakD":1.941157,"culmenL":2.094971,"gonysW":1.845379,"node name":"fuliginosa","node weight":0.055,"tarsusL":2.806514,"wingL":4.132957},"node_fields":["node name","node weight","wingL","culmenL","beakD","gonysW","tarsusL"]},{"edge_data":{"weight":0.055},"incoming_order":1,"node_data":{"beakD":2.362658,"culmenL":2.407025,"gonysW":2.221867,"node name":"fortis","node weight":0.055,"tarsusL":2.894717,"wingL":4.244008},"node_fields":["node name","node weight","wingL","culmenL","beakD","gonysW","tarsusL"]}],"edge_data":{"weight":0.055},"incoming_order":21,"node_data":{"beakD_estimate":2.22799451245258,"beakD_lowerCI95":1.96473239561507,"beakD_upperCI95":2.49125662929008,"culmenL_estimate":2.32297806822693,"culmenL_lowerCI95":2.12795233263606,"culmenL_upperCI95":2.51800380381779,"gonysW_estimate":2.10781019532077,"gonysW_lowerCI95":1.88870356015713,"gonysW_upperCI95":2.3269168304844,"node name":"node 22","node weight":0.055,"tarsusL_estimate":2.88051126867182,"tarsusL_lowerCI95":2.81295882127382,"tarsusL_upperCI95":2.94806371606982,"wingL_estimate":4.21910411508027,"wingL_lowerCI95":4.13832832764333,"wingL_upperCI95":4.2998799025172},"node_fields":["node name","node weight"]},{"edge_data":{"weight":0.11},"incoming_order":2,"node_data":{"beakD":2.823767,"culmenL":2.724667,"gonysW":2.675983,"node name":"magnirostris","node weight":0.11,"tarsusL":3.03895,"wingL":4.4042},"node_fields":["node name","node weight","wingL","culmenL","beakD","gonysW","tarsusL"]}],"edge_data":{"weight":0.07333},"incoming_order":20,"node_data":{"beakD_estimate":2.38016853735773,"beakD_lowerCI95":2.04972296671144,"beakD_upperCI95":2.71061410800402,"culmenL_estimate":2.46693820468078,"culmenL_lowerCI95":2.22214267062445,"culmenL_upperCI95":2.71173373873711,"gonysW_estimate":2.2561845859623,"gonysW_lowerCI95":1.98116280174666,"gonysW_upperCI95":2.53120637017793,"node name":"node 21","node weight":0.07333,"tarsusL_estimate":2.94030280601547,"tarsusL_lowerCI95":2.85551124049462,"tarsusL_upperCI95":3.02509437153633,"wingL_estimate":4.28034734524079,"wingL_lowerCI95":4.17895789546106,"wingL_upperCI95":4.38173679502053},"node_fields":["node name","node weight"]},{"edge_data":{"weight":0.18333},"incoming_order":3,"node_data":{"beakD":2.5138,"culmenL":2.6544,"gonysW":2.360167,"node name":"conirostris","node weight":0.18333,"tarsusL":2.9842,"wingL":4.349867},"node_fields":["node name","node weight","wingL","culmenL","beakD","gonysW","tarsusL"]}],"edge_data":{"weight":0.00917},"incoming_order":19,"node_data":{"beakD_estimate":2.28733914851256,"beakD_lowerCI95":1.92860746682154,"beakD_upperCI95":2.64607083020358,"culmenL_estimate":2.48706494151318,"culmenL_lowerCI95":2.22131493181952,"culmenL_upperCI95":2.75281495120684,"gonysW_estimate":2.17415522623596,"gonysW_lowerCI95":1.87559160209544,"gonysW_upperCI95":2.47271885037648,"node name":"node 20","node weight":0.00917,"tarsusL_estimate":2.95425942539669,"tarsusL_lowerCI95":2.86220970951453,"tarsusL_upperCI95":3.04630914127885,"wingL_estimate":4.27943659034853,"wingL_lowerCI95":4.16936821281188,"wingL_upperCI95":4.38950496788518},"node_fields":["node name","node weight"]},{"edge_data":{"weight":0.1925},"incoming_order":4,"node_data":{"beakD":2.1447,"culmenL":2.621789,"gonysW":2.036944,"node name":"scandens","node weight":0.1925,"tarsusL":2.929033,"wingL":4.261222},"node_fields":["node name","node weight","wingL","culmenL","beakD","gonysW","tarsusL"]}],"edge_data":{"weight":0.0355},"incoming_order":18,"node_data":{"beakD_estimate":2.26440336173724,"beakD_lowerCI95":1.90247017219543,"beakD_upperCI95":2.62633655127904,"culmenL_estimate":2.48121186531133,"culmenL_lowerCI95":2.21309016450199,"culmenL_upperCI95":2.74933356612067,"gonysW_estimate":2.15459322150969,"gonysW_lowerCI95":1.85336506051494,"gonysW_upperCI95":2.45582138250444,"node name":"node 19","node weight":0.0355,"tarsusL_estimate":2.9545071162092,"tarsusL_lowerCI95":2.86163590085236,"tarsusL_upperCI95":3.04737833156604,"wingL_estimate":4.27579983432462,"wingL_lowerCI95":4.16474914941788,"wingL_upperCI95":4.38685051923135},"node_fields":["node name","node weight"]},{"edge_data":{"weight":0.228},"incoming_order":5,"node_data":{"beakD":2.0111,"culmenL":2.277183,"gonysW":1.929983,"node name":"difficilis","node weight":0.228,"tarsusL":2.898917,"wingL":4.224067},"node_fields":["node name","node weight","wingL","culmenL","beakD","gonysW","tarsusL"]}],"edge_data":{"weight":0.10346},"incoming_order":17,"node_data":{"beakD_estimate":2.19768676809467,"beakD_lowerCI95":1.79294246549604,"beakD_upperCI95":2.6024310706933,"culmenL_estimate":2.43262812270897,"culmenL_lowerCI95":2.13279176080191,"culmenL_upperCI95":2.73246448461604,"gonysW_estimate":2.10055880069989,"gonysW_lowerCI95":1.76369999507547,"gonysW_upperCI95":2.43741760632431,"node name":"node 18","node weight":0.10346,"tarsusL_estimate":2.96016383051484,"tarsusL_lowerCI95":2.85630738303436,"tarsusL_upperCI95":3.06402027799532,"wingL_estimate":4.26440916957562,"wingL_lowerCI95":4.14022290173824,"wingL_upperCI95":4.388595437413},"node_fields":["node name","node weight"]},{"children":[{"edge_data":{"weight":0.08667},"incoming_order":6,"node_data":{"beakD":2.01635,"culmenL":2.43025,"gonysW":1.949125,"node name":"pallida","node weight":0.08667,"tarsusL":3.08945,"wingL":4.265425},"node_fields":["node name","node weight","wingL","culmenL","beakD","gonysW","tarsusL"]},{"children":[{"children":[{"edge_data":{"weight":0.02},"incoming_order":7,"node_data":{"beakD":1.87354,"culmenL":1.97442,"gonysW":1.81334,"node name":"parvulus","node weight":0.02,"tarsusL":2.97306,"wingL":4.1316},"node_fields":["node name","node weight","wingL","culmenL","beakD","gonysW","tarsusL"]},{"edge_data":{"weight":0.02},"incoming_order":8,"node_data":{"beakD":2.23004,"culmenL":2.25964,"gonysW":2.07394,"node name":"psittacula","node weight":0.02,"tarsusL":3.04912,"wingL":4.23502},"node_fields":["node name","node weight","wingL","culmenL","beakD","gonysW","tarsusL"]}],"edge_data":{"weight":0.015},"incoming_order":24,"node_data":{"node name":"node 25","node weight":0.015,"wingL_estimate":4.19408150274987,"wingL_lowerCI95":4.14536650758567,"wingL_upperCI95":4.24279649791407},"node_fields":["node name","node weight"]},{"edge_data":{"weight":0.035},"incoming_order":9,"node_data":{"beakD":2.0734,"culmenL":2.187,"gonysW":1.9621,"node name":"pauper","node weight":0.035,"tarsusL":3.0359,"wingL":4.2325},"node_fields":["node name","node weight","wingL","culmenL","beakD","gonysW","tarsusL"]}],"edge_data":{"weight":0.05167},"incoming_order":23,"node_data":{"node name":"node 24","node weight":0.05167,"wingL_estimate":4.21023875687467,"wingL_lowerCI95":4.14841254197842,"wingL_upperCI95":4.27206497177092},"node_fields":["node name","node weight"]}],"edge_data":{"weight":0.24479},"incoming_order":22,"node_data":{"node name":"node 23","node weight":0.24479,"wingL_estimate":4.23303115637507,"wingL_lowerCI95":4.13314942089554,"wingL_upperCI95":4.33291289185461},"node_fields":["node name","node weight"]}],"edge_data":{"weight":0.13404},"incoming_order":16,"node_data":{"beakD_estimate":2.08791802062961,"beakD_lowerCI95":1.58670601943898,"beakD_upperCI95":2.58913002182023,"culmenL_estimate":2.36157393884948,"culmenL_lowerCI95":1.99027388097026,"culmenL_upperCI95":2.73287399672871,"gonysW_estimate":2.0204852214724,"gonysW_lowerCI95":1.60333870451913,"gonysW_upperCI95":2.43763173842566,"node name":"node 17","node weight":0.13404,"tarsusL_estimate":3.00444165995266,"tarsusL_lowerCI95":2.87583182519024,"tarsusL_upperCI95":3.13305149471508,"wingL_estimate":4.24951874540934,"wingL_lowerCI95":4.09573363361521,"wingL_upperCI95":4.40330385720347},"node_fields":["node name","node weight"]},{"edge_data":{"weight":0.4655},"incoming_order":10,"node_data":{"beakD":2.347471,"culmenL":2.331471,"gonysW":2.282443,"node name":"Platyspiza",