{"fields":["nodeLabels","wingL_lowerCI95","wingL_estimate","wingL_upperCI95","tarsusL_lowerCI95","tarsusL_estimate","tarsusL_upperCI95","culmenL_lowerCI95","culmenL_estimate","culmenL_upperCI95","beakD_lowerCI95","beakD_estimate","beakD_upperCI95","gonysW_lowerCI95","gonysW_estimate","gonysW_upperCI95"],"rows":[{"beakD_estimate":1.8266954386927,"beakD_lowerCI95":1.13458984764702,"beakD_upperCI95":2.51880102973837,"culmenL_estimate":2.28795140510129,"culmenL_lowerCI95":1.7752365351394,"culmenL_upperCI95":2.80066627506319,"gonysW_estimate":1.84671001359949,"gonysW_lowerCI95":1.2706874203999,"gonysW_upperCI95":2.42273260679909,"nodeLabels":"node 14","tarsusL_estimate":3.02041912580621,"tarsusL_lowerCI95":2.84282643949566,"tarsusL_upperCI95":3.19801181211677,"wingL_estimate":4.20595259173076,"wingL_lowerCI95":3.99359627256947,"wingL_upperCI95":4.41830891089204},{"beakD_estimate":1.85026285919435,"beakD_lowerCI95":1.22036627239057,"beakD_upperCI95":2.48015944599812,"culmenL_estimate":2.28599738797066,"culmenL_lowerCI95":1.81936722232701,"culmenL_upperCI95":2.75262755361431,"gonysW_estimate":1.86499447877296,"gonysW_lowerCI95":1.34074692164791,"gonysW_upperCI95":2.38924203589801,"nodeLabels":"node 15","tarsusL_estimate":3.02381409907126,"tarsusL_lowerCI95":2.86218409868458,"tarsusL_upperCI95":3.18544409945793,"wingL_estimate":4.20741735715826,"wingL_lowerCI95":4.0141484075117,"wingL_upperCI95":4.40068630680481},{"beakD_estimate":1.96772294554658,"beakD_lowerCI95":1.38256193969109,"beakD_upperCI95":2.55288395140207,"culmenL_estimate":2.3133465489394,"culmenL_lowerCI95":1.87985669868306,"culmenL_upperCI95":2.74683639919575,"gonysW_estimate":1.95002841111691,"gonysW_lowerCI95":1.46301318628264,"gonysW_upperCI95":2.43704363595118,"nodeLabels":"node 16","tarsusL_estimate":3.03975181263657,"tarsusL_lowerCI95":2.8896008583623,"tarsusL_upperCI95":3.18990276691083,"wingL_estimate":4.23925524340145,"wingL_lowerCI95":4.05971235438585,"wingL_upperCI95":4.41879813241704},{"beakD_estimate":2.08791802062961,"beakD_lowerCI95":1.58670601943898,"beakD_upperCI95":2.58913002182023,"culmenL_estimate":2.36157393884948,"culmenL_lowerCI95":1.99027388097026,"culmenL_upperCI95":2.73287399672871,"gonysW_estimate":2.0204852214724,"gonysW_lowerCI95":1.60333870451913,"gonysW_upperCI95":2.43763173842566,"nodeLabels":"node 17","tarsusL_estimate":3.00444165995266,"tarsusL_lowerCI95":2.87583182519024,"tarsusL_upperCI95":3.13305149471508,"wingL_estimate":4.24951874540934,"wingL_lowerCI95":4.09573363361521,"wingL_upperCI95":4.40330385720347},{"beakD_estimate":2.19768676809467,"beakD_lowerCI95":1.79294246549604,"beakD_upperCI95":2.6024310706933,"culmenL_estimate":2.43262812270897,"culmenL_lowerCI95":2.13279176080191,"culmenL_upperCI95":2.73246448461604,"gonysW_estimate":2.10055880069989,"gonysW_lowerCI95":1.76369999507547,"gonysW_upperCI95":2.43741760632431,"nodeLabels":"node 18","tarsusL_estimate":2.96016383051484,"tarsusL_lowerCI95":2.85630738303436,"tarsusL_upperCI95":3.06402027799532,"wingL_estimate":4.26440916957562,"wingL_lowerCI95":4.14022290173824,"wingL_upperCI95":4.388595437413},{"beakD_estimate":2.26440336173724,"beakD_lowerCI95":1.90247017219543,"beakD_upperCI95":2.62633655127904,"culmenL_estimate":2.48121186531133,"culmenL_lowerCI95":2.21309016450199,"culmenL_upperCI95":2.74933356612067,"gonysW_estimate":2.15459322150969,"gonysW_lowerCI95":1.85336506051494,"gonysW_upperCI95":2.45582138250444,"nodeLabels":"node 19","tarsusL_estimate":2.9545071162092,"tarsusL_lowerCI95":2.86163590085236,"tarsusL_upperCI95":3.04737833156604,"wingL_estimate":4.27579983432462,"wingL_lowerCI95":4.16474914941788,"wingL_upperCI95":4.38685051923135},{"beakD_estimate":2.28733914851256,"beakD_lowerCI95":1.92860746682154,"beakD_upperCI95":2.64607083020358,"culmenL_estimate":2.48706494151318,"culmenL_lowerCI95":2.22131493181952,"culmenL_upperCI95":2.75281495120684,"gonysW_estimate":2.17415522623596,"gonysW_lowerCI95":1.87559160209544,"gonysW_upperCI95":2.47271885037648,"nodeLabels":"node 20","tarsusL_estimate":2.95425942539669,"tarsusL_lowerCI95":2.86220970951453,"tarsusL_upperCI95":3.04630914127885,"wingL_estimate":4.27943659034853,"wingL_lowerCI95":4.16936821281188,"wingL_upperCI95":4.38950496788518},{"beakD_estimate":2.38016853735773,"beakD_lowerCI95":2.04972296671144,"beakD_upperCI95":2.71061410800402,"culmenL_estimate":2.46693820468078,"culmenL_lowerCI95":2.22214267062445,"culmenL_upperCI95":2.71173373873711,"gonysW_estimate":2.2561845859623,"gonysW_lowerCI95":1.98116280174666,"gonysW_upperCI95":2.53120637017793,"nodeLabels":"node 21","tarsusL_estimate":2.94030280601547,"tarsusL_lowerCI95":2.85551124049462,"tarsusL_upperCI95":3.02509437153633,"wingL_estimate":4.28034734524079,"wingL_lowerCI95":4.17895789546106,"wingL_upperCI95":4.38173679502053},{"beakD_estimate":2.22799451245258,"beakD_lowerCI95":1.96473239561507,"beakD_upperCI95":2.49125662929008,"culmenL_estimate":2.32297806822693,"culmenL_lowerCI95":2.12795233263606,"culmenL_upperCI95":2.51800380381779,"gonysW_estimate":2.10781019532077,"gonysW_lowerCI95":1.88870356015713,"gonysW_upperCI95":2.3269168304844,"nodeLabels":"node 22","tarsusL_estimate":2.88051126867182,"tarsusL_lowerCI95":2.81295882127382,"tarsusL_upperCI95":2.94806371606983,"wingL_estimate":4.21910411508027,"wingL_lowerCI95":4.13832832764333,"wingL_upperCI95":4.2998799025172},{"beakD_estimate":2.04770706484824,"beakD_lowerCI95":1.7221753931666,"beakD_upperCI95":2.37323873652987,"culmenL_estimate":2.28153231289548,"culmenL_lowerCI95":2.04037701683356,"culmenL_upperCI95":2.5226876089574,"gonysW_estimate":1.9596997766267,"gonysW_lowerCI95":1.68876771059997,"gonysW_upperCI95":2.23063184265343,"nodeLabels":"node 23","tarsusL_estimate":3.04471954076271,"tarsusL_lowerCI95":2.96118887029701,"tarsusL_upperCI95":3.12825021122842,"wingL_estimate":4.23303115637507,"wingL_lowerCI95":4.13314942089554,"wingL_upperCI95":4.33291289185461},{"beakD_estimate":2.05791350302933,"beakD_lowerCI95":1.85641128650999,"beakD_upperCI95":2.25941571954868,"culmenL_estimate":2.17597628478656,"culmenL_lowerCI95":2.02670255534933,"culmenL_upperCI95":2.3252500142238,"gonysW_estimate":1.95317361077389,"gonysW_lowerCI95":1.78546823344906,"gonysW_upperCI95":2.12087898809872,"nodeLabels":"node 24","tarsusL_estimate":3.02655442082596,"tarsusL_lowerCI95":2.97484942032866,"tarsusL_upperCI95":3.07825942132327,"wingL_estimate":4.21023875687467,"wingL_lowerCI95":4.14841254197842,"wingL_upperCI95":4.27206497177092},{"beakD_estimate":2.05423940121173,"beakD_lowerCI95":1.89546889391498,"beakD_upperCI95":2.21300990850848,"culmenL_estimate":2.14060851391463,"culmenL_lowerCI95":2.02299062286501,"culmenL_upperCI95":2.25822640496424,"gonysW_estimate":1.94745344430956,"gonysW_lowerCI95":1.81531262574094,"gonysW_upperCI95":2.07959426287817,"nodeLabels":"node 25","tarsusL_estimate":3.01727576833039,"tarsusL_lowerCI95":2.97653562511739,"tarsusL_upperCI95":3.05801591154339,"wingL_estimate":4.19408150274987,"wingL_lowerCI95":4.14536650758566,"wingL_upperCI95":4.24279649791407}]}